{
  "adulto": {
    "Depredación": {
      "Ecuación": {
        "Kovai": {
          "a": {
            "Sitio A": {
              "val": null,
              "índs": {
                "O. arenosella": {
                  "val": null,
                  "índs": {
                    "O. arenosella pupa": {
                      "val": {
                        "pesos": [
                          0.06596306068601583,
                          0.06613005577636018,
                          0.06629705086670452,
                          0.0663304498847734,
                          0.0663304498847734,
                          0.0663805484118767,
                          0.0665809425202899,
                          0.06669783908353094,
                          0.0670652282822885,
                          0.0663805484118767,
                          0.0665308439931866,
                          0.06796700177014796,
                          0.06729902140877057,
                          0.06686483417387529,
                          0.06718212484552954
                        ],
                        "tipo": "DistTraza",
                        "trz": [
                          0.09352793379530326,
                          0.0854726688703512,
                          0.08533808842321496,
                          0.08360697695478522,
                          0.089650168069513,
                          0.08613151284977962,
                          0.0878368609530434,
                          0.08878327762270116,
                          0.09208171812816221,
                          0.08589413485764907,
                          0.08555307209518669,
                          0.09089337201388274,
                          0.08989416963257406,
                          0.08911859508099919,
                          0.09348967171245039
                        ]
                      },
                      "índs": {}
                    }
                  }
                }
              }
            }
          },
          "b": {
            "Sitio A": {
              "val": null,
              "índs": {
                "O. arenosella": {
                  "val": null,
                  "índs": {
                    "O. arenosella pupa": {
                      "val": {
                        "pesos": [
                          0.06596306068601583,
                          0.06613005577636018,
                          0.06629705086670452,
                          0.0663304498847734,
                          0.0663304498847734,
                          0.0663805484118767,
                          0.0665809425202899,
                          0.06669783908353094,
                          0.0670652282822885,
                          0.0663805484118767,
                          0.0665308439931866,
                          0.06796700177014796,
                          0.06729902140877057,
                          0.06686483417387529,
                          0.06718212484552954
                        ],
                        "tipo": "DistTraza",
                        "trz": [
                          114531.349543604,
                          111588.46281843787,
                          108418.72691553368,
                          104927.15022860636,
                          113479.27591950628,
                          106565.83547363535,
                          107666.23638018222,
                          111967.98717975886,
                          115351.90437602277,
                          113657.24626836377,
                          107030.72722642658,
                          114900.87471554188,
                          113835.4957293747,
                          116036.82162393631,
                          116543.03040232495
                        ]
                      },
                      "índs": {}
                    }
                  }
                }
              }
            }
          }
        }
      }
    },
    "Estoc": {
      "Dist": {
        "Normal": {
          "sigma": {
            "Sitio A": {
              "val": {
                "pesos": [
                  0.06596306068601583,
                  0.06613005577636018,
                  0.06629705086670452,
                  0.0663304498847734,
                  0.0663304498847734,
                  0.0663805484118767,
                  0.0665809425202899,
                  0.06669783908353094,
                  0.0670652282822885,
                  0.0663805484118767,
                  0.0665308439931866,
                  0.06796700177014796,
                  0.06729902140877057,
                  0.06686483417387529,
                  0.06718212484552954
                ],
                "tipo": "DistTraza",
                "trz": [
                  0.005283,
                  0.003582,
                  0.004182,
                  0.00406,
                  0.0037719999999999997,
                  0.0048070000000000005,
                  0.00461,
                  0.0035499999999999998,
                  0.005520000000000001,
                  0.003413,
                  0.004543,
                  0.003826,
                  0.0034960000000000004,
                  0.00394,
                  0.0041600000000000005
                ]
              },
              "índs": {}
            }
          }
        }
      }
    },
    "Transiciones": {
      "Prob": {
        "Normal": {
          "mu": {
            "Sitio A": {
              "val": {
                "pesos": [
                  0.06596306068601583,
                  0.06613005577636018,
                  0.06629705086670452,
                  0.0663304498847734,
                  0.0663304498847734,
                  0.0663805484118767,
                  0.0665809425202899,
                  0.06669783908353094,
                  0.0670652282822885,
                  0.0663805484118767,
                  0.0665308439931866,
                  0.06796700177014796,
                  0.06729902140877057,
                  0.06686483417387529,
                  0.06718212484552954
                ],
                "tipo": "DistTraza",
                "trz": [
                  32.98432564009961,
                  33.37330605539835,
                  33.903191005395705,
                  33.77001607287043,
                  33.55535655597584,
                  32.97478995752132,
                  33.405369986767624,
                  33.41311417068247,
                  33.559325185002876,
                  33.80549947585377,
                  33.678602564524844,
                  33.37488483846799,
                  33.381200717653066,
                  33.530999459036096,
                  33.60460074488066
                ]
              },
              "índs": {}
            }
          },
          "sigma": {
            "Sitio A": {
              "val": {
                "pesos": [
                  0.06596306068601583,
                  0.06613005577636018,
                  0.06629705086670452,
                  0.0663304498847734,
                  0.0663304498847734,
                  0.0663805484118767,
                  0.0665809425202899,
                  0.06669783908353094,
                  0.0670652282822885,
                  0.0663805484118767,
                  0.0665308439931866,
                  0.06796700177014796,
                  0.06729902140877057,
                  0.06686483417387529,
                  0.06718212484552954
                ],
                "tipo": "DistTraza",