{
  "adulto": {
    "Depredación": {
      "Ecuación": {
        "Kovai": {
          "a": {
            "Sitio A": {
              "val": null,
              "índs": {
                "O. arenosella": {
                  "val": null,
                  "índs": {
                    "O. arenosella juvenil_1": {
                      "val": {
                        "pesos": [
                          0.05721975776304641,
                          0.08777351343268704,
                          0.08941833225340179,
                          0.10646463639535464,
                          0.10980411703135125,
                          0.08877037332402932,
                          0.11090066291182775,
                          0.11458904450979415,
                          0.11578527637940488,
                          0.11927428599910284
                        ],
                        "tipo": "DistTraza",
                        "trz": [
                          0.3848922083144447,
                          4.095667651108729,
                          4.095667651108729,
                          0.5624368390308306,
                          0.5624368390308306,
                          4.095667651108729,
                          0.5624368390308306,
                          0.15999359021912155,
                          0.15999359021912155,
                          0.15999359021912155
                        ]
                      },
                      "índs": {}
                    },
                    "O. arenosella juvenil_2": {
                      "val": {
                        "pesos": [
                          0.05721975776304641,
                          0.08777351343268704,
                          0.08941833225340179,
                          0.10646463639535464,
                          0.10980411703135125,
                          0.08877037332402932,
                          0.11090066291182775,
                          0.11458904450979415,
                          0.11578527637940488,
                          0.11927428599910284
                        ],
                        "tipo": "DistTraza",
                        "trz": [
                          0.9369919674375774,
                          8.354827491652198,
                          8.354827491652198,
                          0.46631196507393463,
                          0.46631196507393463,
                          8.354827491652198,
                          0.46631196507393463,
                          0.11376389983090215,
                          0.11376389983090215,
                          0.11376389983090215
                        ]
                      },
                      "índs": {}
                    },
                    "O. arenosella juvenil_3": {
                      "val": {
                        "pesos": [
                          0.05721975776304641,
                          0.08777351343268704,
                          0.08941833225340179,
                          0.10646463639535464,
                          0.10980411703135125,
                          0.08877037332402932,
                          0.11090066291182775,
                          0.11458904450979415,
                          0.11578527637940488,
                          0.11927428599910284
                        ],
                        "tipo": "DistTraza",
                        "trz": [
                          0.2540006740638223,
                          0.3569207253807678,
                          0.3569207253807678,
                          0.6577558587133555,
                          0.6577558587133555,
                          0.3569207253807678,
                          0.6577558587133555,
                          0.28672729766513605,
                          0.28672729766513605,
                          0.28672729766513605
                        ]
                      },
                      "índs": {}
                    }
                  }
                }
              }
            }
          },
          "b": {
            "Sitio A": {
              "val": null,
              "índs": {
                "O. arenosella": {
                  "val": null,
                  "índs": {
                    "O. arenosella juvenil_1": {
                      "val": {
                        "pesos": [
                          0.05721975776304641,
                          0.08777351343268704,
                          0.08941833225340179,
                          0.10646463639535464,
                          0.10980411703135125,
                          0.08877037332402932,
                          0.11090066291182775,
                          0.11458904450979415,
                          0.11578527637940488,
                          0.11927428599910284
                        ],
                        "tipo": "DistTraza",
                        "trz": [
                          19053928.230333857,
                          20165023.89587093,
                          20165023.89587093,
                          34566111.09346554,
                          34566111.09346554,
                          20165023.89587093,
                          34566111.09346554,
                          102134912.7281169,
                          102134912.7281169,
                          102134912.7281169
                        ]
                      },
                      "índs": {}
                    },
                    "O. arenosella juvenil_2": {
                      "val": {
                        "pesos": [
                          0.05721975776304641,
                          0.08777351343268704,
                          0.08941833225340179,
                          0.10646463639535464,
                          0.10980411703135125,
                          0.08877037332402932,
                          0.11090066291182775,
                          0.11458904450979415,
                          0.11578527637940488,
                          0.11927428599910284
                        ],
                        "tipo": "DistTraza",
                        "trz": [
                          16496474.556085119,
                          195770606.04619434,
                          195770606.04619434,
                          69384248.93978083,
                          69384248.93978083,
                          195770606.04619434,
                          69384248.93978083,
                          99381542.30063899,
                          99381542.30063899,
                          99381542.30063899
                        ]
                      },
                      "índs": {}
                    },
                    "O. arenosella juvenil_3": {
                      "val": {
                        "pesos": [
                          0.05721975776304641,
                          0.08777351343268704,
                          0.08941833225340179,
                          0.10646463639535464,
                          0.10980411703135125,
                          0.08877037332402932,
                          0.11090066291182775,
                          0.11458904450979415,
                          0.11578527637940488,
                          0.11927428599910284
                        ],
                        "tipo": "DistTraza",
                        "trz": [
                          269819439.5708092,
                          1873079.2110173237,
                          1873079.2110173237,
                          47874851.514900856,
                          47874851.514900856,
                          1873079.2110173237,
                          47874851.514900856,
                          25674729.162030645,
                          25674729.162030645,
                          25674729.162030645
                        ]
                      },