{
  "adulto": {
    "Depredación": {
      "Ecuación": {
        "Kovai": {
          "a": {
            "Sitio A": {
              "val": null,
              "índs": {
                "O. arenosella": {
                  "val": null,
                  "índs": {
                    "O. arenosella pupa": {
                      "val": {
                        "pesos": [
                          0.05721975776304641,
                          0.08777351343268704,
                          0.08941833225340179,
                          0.10646463639535464,
                          0.10980411703135125,
                          0.08877037332402932,
                          0.11090066291182775,
                          0.11458904450979415,
                          0.11578527637940488,
                          0.11927428599910284
                        ],
                        "tipo": "DistTraza",
                        "trz": [
                          1.8629559539471339,
                          0.38443515753871915,
                          0.38443515753871915,
                          0.32925616903165916,
                          0.32925616903165916,
                          0.38443515753871915,
                          0.32925616903165916,
                          0.18843376116946403,
                          0.18843376116946403,
                          0.18843376116946403
                        ]
                      },
                      "índs": {}
                    }
                  }
                }
              }
            }
          },
          "b": {
            "Sitio A": {
              "val": null,
              "índs": {
                "O. arenosella": {
                  "val": null,
                  "índs": {
                    "O. arenosella pupa": {
                      "val": {
                        "pesos": [
                          0.05721975776304641,
                          0.08777351343268704,
                          0.08941833225340179,
                          0.10646463639535464,
                          0.10980411703135125,
                          0.08877037332402932,
                          0.11090066291182775,
                          0.11458904450979415,
                          0.11578527637940488,
                          0.11927428599910284
                        ],
                        "tipo": "DistTraza",
                        "trz": [
                          1192372.0775243489,
                          669864.0349685688,
                          669864.0349685688,
                          9747477.91153436,
                          9747477.91153436,
                          669864.0349685688,
                          9747477.91153436,
                          58674.93426402802,
                          58674.93426402802,
                          58674.93426402802
                        ]
                      },
                      "índs": {}
                    }
                  }
                }
              }
            }
          }
        }
      }
    },
    "Estoc": {
      "Dist": {
        "Normal": {
          "sigma": {
            "Sitio A": {
              "val": {
                "pesos": [
                  0.05721975776304641,
                  0.08777351343268704,
                  0.08941833225340179,
                  0.10646463639535464,
                  0.10980411703135125,
                  0.08877037332402932,
                  0.11090066291182775,
                  0.11458904450979415,
                  0.11578527637940488,
                  0.11927428599910284
                ],
                "tipo": "DistTraza",
                "trz": [
                  0.001255,
                  0.008657,
                  0.008657,
                  0.0092,
                  0.0092,
                  0.008657,
                  0.0092,
                  0.006396,
                  0.006396,
                  0.006396
                ]
              },
              "índs": {}
            }
          }
        }
      }
    },
    "Transiciones": {
      "Prob": {
        "Normal": {
          "mu": {
            "Sitio A": {
              "val": {
                "pesos": [
                  0.05721975776304641,
                  0.08777351343268704,
                  0.08941833225340179,
                  0.10646463639535464,
                  0.10980411703135125,
                  0.08877037332402932,
                  0.11090066291182775,
                  0.11458904450979415,
                  0.11578527637940488,
                  0.11927428599910284
                ],
                "tipo": "DistTraza",
                "trz": [
                  15.594950674630521,
                  22.37205707287768,
                  22.37205707287768,
                  25.376775801248048,
                  25.376775801248048,
                  22.37205707287768,
                  25.376775801248048,
                  15.119459616759144,
                  15.119459616759144,
                  15.119459616759144
                ]
              },
              "índs": {}
            }
          },
          "sigma": {
            "Sitio A": {
              "val": {
                "pesos": [
                  0.05721975776304641,
                  0.08777351343268704,
                  0.08941833225340179,
                  0.10646463639535464,
                  0.10980411703135125,
                  0.08877037332402932,
                  0.11090066291182775,
                  0.11458904450979415,
                  0.11578527637940488,
                  0.11927428599910284
                ],
                "tipo": "DistTraza",
                "trz": [
                  4.7695946974701116,
                  5.576556638542731,
                  5.576556638542731,
                  6.470163431608112,
                  6.470163431608112,
                  5.576556638542731,
                  6.470163431608112,
                  7.98289092959794,
                  7.98289092959794,
                  7.98289092959794
                ]
              },
              "índs": {}
            }
          }
        }
      }
    }
  },
  "juvenil": {
    "Estoc": {
      "Dist": {
        "Normal": {
          "sigma": {
            "Sitio A": {
              "val": {
                "pesos": [
                  0.05721975776304641,
                  0.08777351343268704,
                  0.08941833225340179,
                  0.10646463639535464,
                  0.10980411703135125,
                  0.08877037332402932,
                  0.11090066291182775,
                  0.11458904450979415,
                  0.11578527637940488,
                  0.11927428599910284
                ],
                "tipo": "DistTraza",
                "trz": [
                  0.008677,
                  0.002302,
                  0.002302,
                  0.00642,
                  0.00642,
                  0.002302,
                  0.00642,
                  0.000496,
                  0.000496,
                  0.000496
                ]
              },
              "índs": {}
            }
          }
        }
      }
    },
    "Transiciones": {
      "Mult": {
        "Linear": {
          "a": {
            "Sitio A": {
              "val": {
                "pesos": [
                  0.05721975776304641,
                  0.08777351343268704,
                  0.08941833225340179,
                  0.10646463639535464,
                  0.10980411703135125,
                  0.08877037332402932,
                  0.11090066291182775,
                  0.11458904450979415,
                  0.11578527637940488,
                  0.11927428599910284
                ],
                "tipo": "DistTraza",