{
  "adulto": {
    "Depredación": {
      "Ecuación": {
        "Kovai": {
          "a": {
            "Sitio A": {
              "val": null,
              "índs": {
                "O. arenosella": {
                  "val": null,
                  "índs": {
                    "O. arenosella pupa": {
                      "val": {
                        "pesos": [
                          0.019126242844230187,
                          0.020470021090689964,
                          0.032588128954504365,
                          0.04049412473636637,
                          0.149382344079542,
                          0.15329918650195842,
                          0.061494426031937326,
                          0.06676709852365169,
                          0.04365772823139499,
                          0.05138294667068393,
                          0.050617655920457964,
                          0.046218740584513404,
                          0.05244953299186501,
                          0.06520036155468514,
                          0.1468514612835191
                        ],
                        "tipo": "DistTraza",
                        "trz": [
                          1.16512943469817,
                          0.286148718574191,
                          2.271842102788535,
                          2.8135975528304065,
                          0.744624546601467,
                          0.744624546601467,
                          0.4335037427451588,
                          0.4335037427451588,
                          2.8135975528304065,
                          0.3272669975550714,
                          0.3272669975550714,
                          2.8135975528304065,
                          0.3272669975550714,
                          0.4335037427451588,
                          0.744624546601467
                        ]
                      },
                      "índs": {}
                    }
                  }
                }
              }
            }
          },
          "b": {
            "Sitio A": {
              "val": null,
              "índs": {
                "O. arenosella": {
                  "val": null,
                  "índs": {
                    "O. arenosella pupa": {
                      "val": {
                        "pesos": [
                          0.019126242844230187,
                          0.020470021090689964,
                          0.032588128954504365,
                          0.04049412473636637,
                          0.149382344079542,
                          0.15329918650195842,
                          0.061494426031937326,
                          0.06676709852365169,
                          0.04365772823139499,
                          0.05138294667068393,
                          0.050617655920457964,
                          0.046218740584513404,
                          0.05244953299186501,
                          0.06520036155468514,
                          0.1468514612835191
                        ],
                        "tipo": "DistTraza",
                        "trz": [
                          100271.66291777865,
                          244888.40540692103,
                          224996.57375120287,
                          661951.9229847603,
                          849755.7756863772,
                          849755.7756863772,
                          980444.6690127963,
                          980444.6690127963,
                          661951.9229847603,
                          3401710.802243386,
                          3401710.802243386,
                          661951.9229847603,
                          3401710.802243386,
                          980444.6690127963,
                          849755.7756863772
                        ]
                      },
                      "índs": {}
                    }
                  }
                }
              }
            }
          }
        }
      }
    },
    "Estoc": {
      "Dist": {
        "Normal": {
          "sigma": {
            "Sitio A": {
              "val": {
                "pesos": [
                  0.019126242844230187,
                  0.020470021090689964,
                  0.032588128954504365,
                  0.04049412473636637,
                  0.149382344079542,
                  0.15329918650195842,
                  0.061494426031937326,
                  0.06676709852365169,
                  0.04365772823139499,
                  0.05138294667068393,
                  0.050617655920457964,
                  0.046218740584513404,
                  0.05244953299186501,
                  0.06520036155468514,
                  0.1468514612835191
                ],
                "tipo": "DistTraza",
                "trz": [
                  0.005195,
                  0.005200000000000001,
                  0.00293,
                  0.002245,
                  0.005864,
                  0.005864,
                  0.006870000000000001,
                  0.006870000000000001,
                  0.002245,
                  0.003242,
                  0.003242,
                  0.002245,
                  0.003242,
                  0.006870000000000001,
                  0.005864
                ]
              },
              "índs": {}
            }
          }
        }
      }
    },
    "Transiciones": {
      "Prob": {
        "Normal": {
          "mu": {
            "Sitio A": {
              "val": {
                "pesos": [
                  0.019126242844230187,
                  0.020470021090689964,
                  0.032588128954504365,
                  0.04049412473636637,
                  0.149382344079542,
                  0.15329918650195842,
                  0.061494426031937326,
                  0.06676709852365169,
                  0.04365772823139499,
                  0.05138294667068393,
                  0.050617655920457964,
                  0.046218740584513404,
                  0.05244953299186501,
                  0.06520036155468514,
                  0.1468514612835191
                ],
                "tipo": "DistTraza",
                "trz": [
                  12.92598690988447,
                  15.5730356783476,
                  11.39611116718477,
                  14.015730612369596,
                  16.132008031898142,
                  16.132008031898142,
                  9.682133861997475,
                  9.682133861997475,
                  14.015730612369596,
                  12.139922021729513,
                  12.139922021729513,
                  14.015730612369596,
                  12.139922021729513,
                  9.682133861997475,
                  16.132008031898142
                ]
              },
              "índs": {}
            }
          },
          "sigma": {
            "Sitio A": {
              "val": {
                "pesos": [
                  0.019126242844230187,
                  0.020470021090689964,
                  0.032588128954504365,
                  0.04049412473636637,
                  0.149382344079542,
                  0.15329918650195842,
                  0.061494426031937326,
                  0.06676709852365169,
                  0.04365772823139499,
                  0.05138294667068393,
                  0.050617655920457964,
                  0.046218740584513404,
                  0.05244953299186501,
                  0.06520036155468514,
                  0.1468514612835191
                ],
                "tipo": "DistTraza",