{
  "adulto": {
    "Depredación": {
      "Ecuación": {
        "Kovai": {
          "a": {
            "Sitio A": {
              "val": null,
              "índs": {
                "O. arenosella": {
                  "val": null,
                  "índs": {
                    "O. arenosella pupa": {
                      "val": {
                        "pesos": [
                          0.0754437179493827,
                          0.07489927874768613,
                          0.07267485572361154,
                          0.06434752850528105,
                          0.06769194074427431,
                          0.0710104273069963,
                          0.07214597192767774,
                          0.071762271918863,
                          0.06388086633239828,
                          0.06343494470053251,
                          0.060251271654421096,
                          0.060614231122218816,
                          0.059992014891708446,
                          0.060251271654421096,
                          0.06159940682052691
                        ],
                        "tipo": "DistTraza",
                        "trz": [
                          0.1961320802127379,
                          0.25795452228169624,
                          1.0314077461500186,
                          0.18508311287171714,
                          0.18508311287171714,
                          1.0314077461500186,
                          1.0314077461500186,
                          1.0314077461500186,
                          0.18508311287171714,
                          0.18508311287171714,
                          0.18508311287171714,
                          0.18508311287171714,
                          0.18508311287171714,
                          0.18508311287171714,
                          0.18508311287171714
                        ]
                      },
                      "índs": {}
                    }
                  }
                }
              }
            }
          },
          "b": {
            "Sitio A": {
              "val": null,
              "índs": {
                "O. arenosella": {
                  "val": null,
                  "índs": {
                    "O. arenosella pupa": {
                      "val": {
                        "pesos": [
                          0.0754437179493827,
                          0.07489927874768613,
                          0.07267485572361154,
                          0.06434752850528105,
                          0.06769194074427431,
                          0.0710104273069963,
                          0.07214597192767774,
                          0.071762271918863,
                          0.06388086633239828,
                          0.06343494470053251,
                          0.060251271654421096,
                          0.060614231122218816,
                          0.059992014891708446,
                          0.060251271654421096,
                          0.06159940682052691
                        ],
                        "tipo": "DistTraza",
                        "trz": [
                          1285511.4390912321,
                          84202.1317112724,
                          526676.5114738641,
                          1303971.8053896318,
                          1303971.8053896318,
                          526676.5114738641,
                          526676.5114738641,
                          526676.5114738641,
                          1303971.8053896318,
                          1303971.8053896318,
                          1303971.8053896318,
                          1303971.8053896318,
                          1303971.8053896318,
                          1303971.8053896318,
                          1303971.8053896318
                        ]
                      },
                      "índs": {}
                    }
                  }
                }
              }
            }
          }
        }
      }
    },
    "Estoc": {
      "Dist": {
        "Normal": {
          "sigma": {
            "Sitio A": {
              "val": {
                "pesos": [
                  0.0754437179493827,
                  0.07489927874768613,
                  0.07267485572361154,
                  0.06434752850528105,
                  0.06769194074427431,
                  0.0710104273069963,
                  0.07214597192767774,
                  0.071762271918863,
                  0.06388086633239828,
                  0.06343494470053251,
                  0.060251271654421096,
                  0.060614231122218816,
                  0.059992014891708446,
                  0.060251271654421096,
                  0.06159940682052691
                ],
                "tipo": "DistTraza",
                "trz": [
                  0.00377,
                  0.0021360000000000003,
                  0.003132,
                  0.003923,
                  0.003923,
                  0.003132,
                  0.003132,
                  0.003132,
                  0.003923,
                  0.003923,
                  0.003923,
                  0.003923,
                  0.003923,
                  0.003923,
                  0.003923
                ]
              },
              "índs": {}
            }
          }
        }
      }
    },
    "Transiciones": {
      "Prob": {
        "Normal": {
          "mu": {
            "Sitio A": {
              "val": {
                "pesos": [
                  0.0754437179493827,
                  0.07489927874768613,
                  0.07267485572361154,
                  0.06434752850528105,
                  0.06769194074427431,
                  0.0710104273069963,
                  0.07214597192767774,
                  0.071762271918863,
                  0.06388086633239828,
                  0.06343494470053251,
                  0.060251271654421096,
                  0.060614231122218816,
                  0.059992014891708446,
                  0.060251271654421096,
                  0.06159940682052691
                ],
                "tipo": "DistTraza",
                "trz": [
                  16.191886839057336,
                  24.31530611526036,
                  21.17698264860357,
                  14.666396716993496,
                  14.666396716993496,
                  21.17698264860357,
                  21.17698264860357,
                  21.17698264860357,
                  14.666396716993496,
                  14.666396716993496,
                  14.666396716993496,
                  14.666396716993496,
                  14.666396716993496,
                  14.666396716993496,
                  14.666396716993496
                ]
              },
              "índs": {}
            }
          },
          "sigma": {
            "Sitio A": {
              "val": {
                "pesos": [
                  0.0754437179493827,
                  0.07489927874768613,
                  0.07267485572361154,
                  0.06434752850528105,
                  0.06769194074427431,
                  0.0710104273069963,
                  0.07214597192767774,
                  0.071762271918863,
                  0.06388086633239828,
                  0.06343494470053251,
                  0.060251271654421096,
                  0.060614231122218816,
                  0.059992014891708446,
                  0.060251271654421096,
                  0.06159940682052691
                ],
                "tipo": "DistTraza",