{
  "adulto": {
    "Depredación": {
      "Ecuación": {
        "Kovai": {
          "a": {
            "Sitio A": {
              "val": null,
              "índs": {
                "O. arenosella": {
                  "val": null,
                  "índs": {
                    "O. arenosella pupa": {
                      "val": {
                        "pesos": [
                          0.06768355609252685,
                          0.07369931284452164,
                          0.06994890382340355,
                          0.08641043066777417,
                          0.08995947544614764,
                          0.13481336051750611,
                          0.10332502705832011,
                          0.12972891338820508,
                          0.120214452918523,
                          0.1242165672430718
                        ],
                        "trz": [
                          0.1722248854213341,
                          0.1714082888012135,
                          0.21102579572536126,
                          0.18298394680908758,
                          0.24627385885556513,
                          0.14933903774566445,
                          0.1434262437041924,
                          0.11135663219012609,
                          0.2243953472235458,
                          0.19107161129315497
                        ]
                      },
                      "índs": {}
                    }
                  }
                }
              }
            }
          },
          "b": {
            "Sitio A": {
              "val": null,
              "índs": {
                "O. arenosella": {
                  "val": null,
                  "índs": {
                    "O. arenosella pupa": {
                      "val": {
                        "pesos": [
                          0.06768355609252685,
                          0.07369931284452164,
                          0.06994890382340355,
                          0.08641043066777417,
                          0.08995947544614764,
                          0.13481336051750611,
                          0.10332502705832011,
                          0.12972891338820508,
                          0.120214452918523,
                          0.1242165672430718
                        ],
                        "trz": [
                          2885944.6897067972,
                          2490584.9668846726,
                          2065022.574154431,
                          9181058.365338998,
                          5852220.432379169,
                          3647070.8416018174,
                          3392086.3559519397,
                          5378772.352550054,
                          3260106.5072854212,
                          2930868.1424115454
                        ]
                      },
                      "índs": {}
                    }
                  }
                }
              }
            }
          }
        }
      }
    },
    "Estoc": {
      "Dist": {
        "Normal": {
          "sigma": {
            "Sitio A": {
              "val": {
                "pesos": [
                  0.06768355609252685,
                  0.07369931284452164,
                  0.06994890382340355,
                  0.08641043066777417,
                  0.08995947544614764,
                  0.13481336051750611,
                  0.10332502705832011,
                  0.12972891338820508,
                  0.120214452918523,
                  0.1242165672430718
                ],
                "trz": [
                  0.009443,
                  0.009873,
                  0.00882,
                  0.009250000000000001,
                  0.00978,
                  0.009487,
                  0.00996,
                  0.00996,
                  0.00996,
                  0.00996
                ]
              },
              "índs": {}
            }
          }
        }
      }
    },
    "Transiciones": {
      "Prob": {
        "Normal": {
          "mu": {
            "Sitio A": {
              "val": {
                "pesos": [
                  0.06768355609252685,
                  0.07369931284452164,
                  0.06994890382340355,
                  0.08641043066777417,
                  0.08995947544614764,
                  0.13481336051750611,
                  0.10332502705832011,
                  0.12972891338820508,
                  0.120214452918523,
                  0.1242165672430718
                ],
                "trz": [
                  22.824277131301113,
                  28.039777411964142,
                  22.28751527853681,
                  21.453668203728363,
                  22.49338765974532,
                  24.008206065399893,
                  22.904659980584913,
                  21.816410825816458,
                  25.847757540344613,
                  26.114750162598874
                ]
              },
              "índs": {}
            }
          },
          "sigma": {
            "Sitio A": {
              "val": {
                "pesos": [
                  0.06768355609252685,
                  0.07369931284452164,
                  0.06994890382340355,
                  0.08641043066777417,
                  0.08995947544614764,
                  0.13481336051750611,
                  0.10332502705832011,
                  0.12972891338820508,
                  0.120214452918523,
                  0.1242165672430718
                ],
                "trz": [
                  6.501911443824662,
                  6.3563923497489325,
                  6.607557022293862,
                  5.891256816789226,
                  6.15509055209016,
                  6.38533686564077,
                  6.420313766235664,
                  6.8647464861571565,
                  6.094963415295106,
                  6.295830912086453
                ]
              },
              "índs": {}
            }
          }
        }
      }
    }
  },
  "juvenil": {
    "Estoc": {
      "Dist": {
        "Normal": {
          "sigma": {
            "Sitio A": {
              "val": {
                "pesos": [
                  0.06768355609252685,
                  0.07369931284452164,
                  0.06994890382340355,
                  0.08641043066777417,
                  0.08995947544614764,
                  0.13481336051750611,
                  0.10332502705832011,
                  0.12972891338820508,
                  0.120214452918523,
                  0.1242165672430718
                ],
                "trz": [
                  0.000479,
                  0.001742,
                  1.8500000000000002e-05,
                  0.001498,
                  0.0007825,
                  1.8500000000000002e-05,
                  1.8500000000000002e-05,
                  1.8500000000000002e-05,
                  1.8500000000000002e-05,
                  1.8500000000000002e-05
                ]
              },
              "índs": {}
            }
          }
        }
      }
    },
    "Transiciones": {
      "Mult": {
        "Linear": {
          "a": {
            "Sitio A": {
              "val": {
                "pesos": [
                  0.06768355609252685,
                  0.07369931284452164,
                  0.06994890382340355,
                  0.08641043066777417,
                  0.08995947544614764,
                  0.13481336051750611,
                  0.10332502705832011,
                  0.12972891338820508,
                  0.120214452918523,
                  0.1242165672430718
                ],