{
  "adulto": {
    "Depredación": {
      "Ecuación": {
        "Kovai": {
          "a": {
            "Sitio A": {
              "val": null,
              "índs": {
                "O. arenosella": {
                  "val": null,
                  "índs": {
                    "O. arenosella juvenil_1": {
                      "val": {
                        "pesos": [
                          0.06768355609252685,
                          0.07369931284452164,
                          0.06994890382340355,
                          0.08641043066777417,
                          0.08995947544614764,
                          0.13481336051750611,
                          0.10332502705832011,
                          0.12972891338820508,
                          0.120214452918523,
                          0.1242165672430718
                        ],
                        "trz": [
                          0.13873308000957463,
                          0.16306431287408987,
                          0.2407763966477144,
                          0.21380200855012077,
                          0.14617899283155616,
                          0.18241953122081322,
                          0.16384115842623054,
                          0.13693163502525083,
                          0.15698069344559554,
                          0.11082863968049543
                        ]
                      },
                      "índs": {}
                    },
                    "O. arenosella juvenil_2": {
                      "val": {
                        "pesos": [
                          0.06768355609252685,
                          0.07369931284452164,
                          0.06994890382340355,
                          0.08641043066777417,
                          0.08995947544614764,
                          0.13481336051750611,
                          0.10332502705832011,
                          0.12972891338820508,
                          0.120214452918523,
                          0.1242165672430718
                        ],
                        "trz": [
                          0.1258537851015068,
                          0.13807528329246502,
                          0.12766108677332724,
                          0.16798072727922153,
                          0.1930340618078523,
                          0.11803237109154899,
                          0.1132244933690173,
                          0.09440372419089195,
                          0.1266036970856324,
                          0.17615716371786702
                        ]
                      },
                      "índs": {}
                    },
                    "O. arenosella juvenil_3": {
                      "val": {
                        "pesos": [
                          0.06768355609252685,
                          0.07369931284452164,
                          0.06994890382340355,
                          0.08641043066777417,
                          0.08995947544614764,
                          0.13481336051750611,
                          0.10332502705832011,
                          0.12972891338820508,
                          0.120214452918523,
                          0.1242165672430718
                        ],
                        "trz": [
                          40.23774788791335,
                          31.501648240155085,
                          40.23774788791335,
                          40.23774788791335,
                          40.23774788791335,
                          40.23774788791335,
                          40.23774788791335,
                          38.46137939142451,
                          26.737594866237654,
                          29.194962017862693
                        ]
                      },
                      "índs": {}
                    }
                  }
                }
              }
            }
          },
          "b": {
            "Sitio A": {
              "val": null,
              "índs": {
                "O. arenosella": {
                  "val": null,
                  "índs": {
                    "O. arenosella juvenil_1": {
                      "val": {
                        "pesos": [
                          0.06768355609252685,
                          0.07369931284452164,
                          0.06994890382340355,
                          0.08641043066777417,
                          0.08995947544614764,
                          0.13481336051750611,
                          0.10332502705832011,
                          0.12972891338820508,
                          0.120214452918523,
                          0.1242165672430718
                        ],
                        "trz": [
                          729086370.6408852,
                          942185412.5553269,
                          827830944.7896031,
                          1202759380.8211987,
                          806855189.2519976,
                          780731687.7131622,
                          620813708.1891104,
                          1701598021.9070284,
                          879964498.6402853,
                          892601077.7328595
                        ]
                      },
                      "índs": {}
                    },
                    "O. arenosella juvenil_2": {
                      "val": {
                        "pesos": [
                          0.06768355609252685,
                          0.07369931284452164,
                          0.06994890382340355,
                          0.08641043066777417,
                          0.08995947544614764,
                          0.13481336051750611,
                          0.10332502705832011,
                          0.12972891338820508,
                          0.120214452918523,
                          0.1242165672430718
                        ],
                        "trz": [
                          67026570.25745061,
                          64219989.527429946,
                          70791966.55179746,
                          95277269.30535011,
                          97800656.51499,
                          59801069.69030706,
                          81350170.74991219,
                          48401315.03573342,
                          58674934.264028005,
                          41032709.99888413
                        ]
                      },
                      "índs": {}
                    },
                    "O. arenosella juvenil_3": {
                      "val": {
                        "pesos": [
                          0.06768355609252685,
                          0.07369931284452164,
                          0.06994890382340355,
                          0.08641043066777417,
                          0.08995947544614764,
                          0.13481336051750611,
                          0.10332502705832011,
                          0.12972891338820508,
                          0.120214452918523,
                          0.1242165672430718
                        ],
                        "trz": [
                          793544522.627253,
                          514613926.54040134,
                          745113049.5419087,
                          668750671.8055537,
                          738941436.2910272,
                          657327682.5987415,
                          498307424.2756799,
                          674576467.4518571,
                          503545066.3671317,
                          663211551.9227514
                        ]
                      },
                      "índs": {}
                    }
                  }
                }
              }
            }
          }
        }
      }
    },